{"cameraMode":{"drawMode":2,"name":"Shaded Wireframe","section":"Shading Mode"},"sceneLighting":true,"audioPlay":false,"sceneViewState":{"showFog":true,"showMaterialUpdate":false,"showSkybox":true,"showFlares":true,"showImageEffects":true,"showParticleSystems":true},"in2DMode":false,"pivot":{"x":0.05044114589691162,"y":-0.2832852602005005,"z":-0.43896484375},"rotation":{"x":0.000018025735698756762,"y":0.9999781250953674,"z":0.0030000070109963419,"w":-0.005999868270009756},"size":1.725066900253296,"orthographic":true}