{"cameraMode":{"drawMode":1,"name":"Wireframe","section":"Shading Mode"},"sceneLighting":true,"audioPlay":false,"sceneViewState":{"showFog":true,"showMaterialUpdate":false,"showSkybox":true,"showFlares":true,"showImageEffects":true,"showParticleSystems":true},"in2DMode":false,"pivot":{"x":0.4459187984466553,"y":-0.024223312735557557,"z":0.06387030333280564},"rotation":{"x":0.00020247303473297507,"y":0.9996073246002197,"z":0.0074971867725253109,"w":-0.026995982974767686},"size":1.1468427181243897,"orthographic":true}