{"cameraMode":{"drawMode":2,"name":"Shaded Wireframe","section":"Shading Mode"},"sceneLighting":true,"audioPlay":false,"sceneViewState":{"showFog":true,"showMaterialUpdate":false,"showSkybox":true,"showFlares":true,"showImageEffects":true,"showParticleSystems":true},"in2DMode":false,"pivot":{"x":3.9130072593688967,"y":1.587867259979248,"z":-10.005655288696289},"rotation":{"x":-0.0002779330243356526,"y":-0.9980812072753906,"z":-0.004491429775953293,"w":0.06175655871629715},"size":10.287712097167969,"orthographic":true}